ROUTE	VERDICT	ERRORS	FAILURES	EXTERNAL	ALLOWED_EXTERNAL	ALLOWED_FAILURES	LIFECYCLE	EVAL
//	FAIL	0	0	www.googletagmanager.com(x2),cdn.jsdelivr.net(x2),unpkg.com(x1),snap.licdn.com(x2),cdn.leadinfo.net(x1),region1.google-analytics.com(x1),px.ads.linkedin.com(x2),collector.leadinfo.net(x4),api.leadinfo.com(x1),collector4.leadinfo.net(x2)		0		
//test/	FAIL	0	0	www.googletagmanager.com(x2),cdn.jsdelivr.net(x2),unpkg.com(x1),snap.licdn.com(x2),cdn.leadinfo.net(x1),px.ads.linkedin.com(x2),collector.leadinfo.net(x4),api.leadinfo.com(x1),collector4.leadinfo.net(x1)		0		
//terms-conditions/	FAIL	0	0	www.googletagmanager.com(x2),cdn.jsdelivr.net(x2),unpkg.com(x1),snap.licdn.com(x2),cdn.leadinfo.net(x1),px.ads.linkedin.com(x2),collector.leadinfo.net(x3),api.leadinfo.com(x1),collector4.leadinfo.net(x2)		0		
//privacy-policy/	FAIL	0	0	www.googletagmanager.com(x2),cdn.jsdelivr.net(x2),unpkg.com(x1),snap.licdn.com(x2),cdn.leadinfo.net(x1),px.ads.linkedin.com(x2),collector.leadinfo.net(x4),api.leadinfo.com(x1),collector4.leadinfo.net(x1)		0		
//white-paper-download-page/	FAIL	0	0	www.googletagmanager.com(x2),cdn.jsdelivr.net(x2),unpkg.com(x1),snap.licdn.com(x2),cdn.leadinfo.net(x1),px.ads.linkedin.com(x2),collector.leadinfo.net(x3),api.leadinfo.com(x1),collector4.leadinfo.net(x2)		0		
//partners/	FAIL	0	0	www.googletagmanager.com(x2),cdn.jsdelivr.net(x2),unpkg.com(x1),snap.licdn.com(x2),cdn.leadinfo.net(x1),px.ads.linkedin.com(x2),collector.leadinfo.net(x4),api.leadinfo.com(x1),collector4.leadinfo.net(x1)		0		
//our-expertise/	FAIL	0	0	www.googletagmanager.com(x2),cdn.jsdelivr.net(x2),unpkg.com(x1),snap.licdn.com(x2),cdn.leadinfo.net(x1),px.ads.linkedin.com(x2),collector.leadinfo.net(x3),api.leadinfo.com(x1),collector4.leadinfo.net(x2)		0		
//contact/	FAIL	0	0	www.googletagmanager.com(x2),cdn.jsdelivr.net(x2),unpkg.com(x1),snap.licdn.com(x2),cdn.leadinfo.net(x1),px.ads.linkedin.com(x2),collector.leadinfo.net(x4),api.leadinfo.com(x1),collector4.leadinfo.net(x1)		0		
//anaplan-tabs/	FAIL	0	0	www.googletagmanager.com(x2),cdn.jsdelivr.net(x2),unpkg.com(x1),snap.licdn.com(x2),cdn.leadinfo.net(x1),px.ads.linkedin.com(x2),collector.leadinfo.net(x3),api.leadinfo.com(x1),collector4.leadinfo.net(x2)		0		
//anaplan-market/	FAIL	0	0	www.googletagmanager.com(x2),cdn.jsdelivr.net(x2),unpkg.com(x1),snap.licdn.com(x2),cdn.leadinfo.net(x1),px.ads.linkedin.com(x2),collector.leadinfo.net(x4),api.leadinfo.com(x1),collector4.leadinfo.net(x1)		0		
//anaplan/	FAIL	0	0	www.googletagmanager.com(x2),cdn.jsdelivr.net(x2),unpkg.com(x1),snap.licdn.com(x2),cdn.leadinfo.net(x1),px.ads.linkedin.com(x2),collector.leadinfo.net(x3),api.leadinfo.com(x1),collector4.leadinfo.net(x2)		0		
//careers-a-great-team-for-great-results/	FAIL	0	0	www.googletagmanager.com(x2),cdn.jsdelivr.net(x2),unpkg.com(x1),snap.licdn.com(x2),region1.google-analytics.com(x1),cdn.leadinfo.net(x1),px.ads.linkedin.com(x2),collector.leadinfo.net(x4),api.leadinfo.com(x1),collector4.leadinfo.net(x1)		0		
//knowledge/	FAIL	0	0	www.googletagmanager.com(x2),cdn.jsdelivr.net(x2),unpkg.com(x1),snap.licdn.com(x2),cdn.leadinfo.net(x1),px.ads.linkedin.com(x2),collector.leadinfo.net(x3),api.leadinfo.com(x1),collector4.leadinfo.net(x2)		0		
//culture/	FAIL	0	0	www.googletagmanager.com(x2),cdn.jsdelivr.net(x2),unpkg.com(x1),snap.licdn.com(x2),cdn.leadinfo.net(x1),px.ads.linkedin.com(x2),collector.leadinfo.net(x4),api.leadinfo.com(x1),collector4.leadinfo.net(x1)		0		
//vacature-analytics-engineer/	FAIL	0	0	www.googletagmanager.com(x2),cdn.jsdelivr.net(x2),unpkg.com(x1),snap.licdn.com(x2),cdn.leadinfo.net(x1),px.ads.linkedin.com(x2),collector.leadinfo.net(x3),api.leadinfo.com(x1),collector4.leadinfo.net(x2)		0		
//vacature-ai-engineer/	FAIL	0	0	www.googletagmanager.com(x2),cdn.jsdelivr.net(x2),unpkg.com(x1),snap.licdn.com(x2),cdn.leadinfo.net(x1),px.ads.linkedin.com(x2),collector.leadinfo.net(x4),api.leadinfo.com(x1),collector4.leadinfo.net(x1)		0		
//expertise/	FAIL	0	0	www.googletagmanager.com(x2),cdn.jsdelivr.net(x2),unpkg.com(x1),snap.licdn.com(x2),cdn.leadinfo.net(x1),px.ads.linkedin.com(x2),collector.leadinfo.net(x3),api.leadinfo.com(x1),collector4.leadinfo.net(x2)		0		
//expertise/datascience-ai/	FAIL	0	0	www.googletagmanager.com(x2),cdn.jsdelivr.net(x2),unpkg.com(x1),snap.licdn.com(x2),cdn.leadinfo.net(x1),px.ads.linkedin.com(x2),collector.leadinfo.net(x4),api.leadinfo.com(x1),collector4.leadinfo.net(x1)		0		
//expertise/data-planning-epm/	FAIL	0	0	www.googletagmanager.com(x2),cdn.jsdelivr.net(x2),unpkg.com(x1),snap.licdn.com(x2),cdn.leadinfo.net(x1),px.ads.linkedin.com(x2),collector.leadinfo.net(x3),api.leadinfo.com(x1),collector4.leadinfo.net(x2)		0		
//expertise/support-maintenance/	FAIL	0	0	www.googletagmanager.com(x2),cdn.jsdelivr.net(x2),unpkg.com(x1),snap.licdn.com(x2),cdn.leadinfo.net(x1),px.ads.linkedin.com(x2),collector.leadinfo.net(x4),api.leadinfo.com(x1),collector4.leadinfo.net(x1)		0		
//expertise/dataintegration-engineering/	FAIL	0	0	www.googletagmanager.com(x2),cdn.jsdelivr.net(x2),unpkg.com(x1),snap.licdn.com(x2),cdn.leadinfo.net(x1),px.ads.linkedin.com(x2),collector.leadinfo.net(x3),api.leadinfo.com(x1),collector4.leadinfo.net(x2)		0		
//expertise/datavisualisation-reporting/	FAIL	0	0	www.googletagmanager.com(x2),cdn.jsdelivr.net(x2),unpkg.com(x1),snap.licdn.com(x2),cdn.leadinfo.net(x1),px.ads.linkedin.com(x2),collector.leadinfo.net(x4),api.leadinfo.com(x1),collector4.leadinfo.net(x2)		0		
//expertise/data-strategy/	FAIL	0	0	www.googletagmanager.com(x2),cdn.jsdelivr.net(x2),unpkg.com(x1),snap.licdn.com(x2),cdn.leadinfo.net(x1),px.ads.linkedin.com(x2),collector.leadinfo.net(x3),api.leadinfo.com(x1),collector4.leadinfo.net(x1)		0		
//expertise/data-governance/	FAIL	0	0	www.googletagmanager.com(x2),cdn.jsdelivr.net(x2),unpkg.com(x1),snap.licdn.com(x2),cdn.leadinfo.net(x1),px.ads.linkedin.com(x2),collector.leadinfo.net(x4),api.leadinfo.com(x1),collector4.leadinfo.net(x2)		0		
//genarative-ai-and-power-bi/	FAIL	1	1	www.googletagmanager.com(x2),cdn.jsdelivr.net(x2),unpkg.com(x1),snap.licdn.com(x2),aitechnologyiswidelyusedthroughoutindustry,government,andscience.somehigh-profileapplicationsincludeadvancedwebsearchenginesgooglesearchrecommendationsystems(usedbyyoutube,amazon,andnetflix);interactingviahumanspeech(e.g.,googleassistant,siri,andalexa);autonomousvehicles(e.g.,waymo);generativeandcreativetoolsaitechnologyiswidelyusedthroughoutindustry,government,andscience.somehigh-profileapplicationsincludeadvancedwebsearchengines(e.g.,googlesearch);recommendationsystems(usedbyyoutube,amazon,andnetflix);interactingviahumanspeech(e.g.,googleassistant,siri,andalexa);autonomousvehicles(e.g.,waymo);generativeandcreativetoolsaitechnologyiswidelyusedthroughoutindustry,government,andscience.somehigh-profileapplicationsincludeadvancedwebsearchenginesgooglesearchrecommendationsystems(usedbyyoutube,amazon,andnetflix);interactingviahumanspeech(e.g.,googleassistant,siri,andalexa);autonomousvehicles(e.g.,waymo);generativeandcreativetools.aitechnologyiswidelyusedthroughoutindustry,government,andscience.somehigh-profileapplicationsincludeadvancedwebsearchengines(e.g.,googlesearch);recommendationsystems(usedbyyoutube,amazon,andnetflix);interactingviahumanspeech(e.g.,googleassistant,siri,andalexa);autonomousvehicles(e.g.,waymo);generativeandcreativetools(x1),cdn.leadinfo.net(x1),px.ads.linkedin.com(x2),collector.leadinfo.net(x3),api.leadinfo.com(x1),collector4.leadinfo.net(x1)		0		
//enhanced-sales-insights-leveraging-power-bi-reporting/	FAIL	0	0	www.googletagmanager.com(x2),cdn.jsdelivr.net(x2),unpkg.com(x1),snap.licdn.com(x2),cdn.leadinfo.net(x1),px.ads.linkedin.com(x2),collector.leadinfo.net(x4),api.leadinfo.com(x1),collector4.leadinfo.net(x2)		0		
//requirements-analysis-no-sexy-buzzword-but-nevertheless-indispensable/	FAIL	1	1	www.googletagmanager.com(x2),cdn.jsdelivr.net(x2),unpkg.com(x1),snap.licdn.com(x2),aitechnologyiswidelyusedthroughoutindustry,government,andscience.somehigh-profileapplicationsincludeadvancedwebsearchenginesgooglesearchrecommendationsystems(usedbyyoutube,amazon,andnetflix);interactingviahumanspeech(e.g.,googleassistant,siri,andalexa);autonomousvehicles(e.g.,waymo);generativeandcreativetoolsaitechnologyiswidelyusedthroughoutindustry,government,andscience.somehigh-profileapplicationsincludeadvancedwebsearchengines(e.g.,googlesearch);recommendationsystems(usedbyyoutube,amazon,andnetflix);interactingviahumanspeech(e.g.,googleassistant,siri,andalexa);autonomousvehicles(e.g.,waymo);generativeandcreativetoolsaitechnologyiswidelyusedthroughoutindustry,government,andscience.somehigh-profileapplicationsincludeadvancedwebsearchenginesgooglesearchrecommendationsystems(usedbyyoutube,amazon,andnetflix);interactingviahumanspeech(e.g.,googleassistant,siri,andalexa);autonomousvehicles(e.g.,waymo);generativeandcreativetools.aitechnologyiswidelyusedthroughoutindustry,government,andscience.somehigh-profileapplicationsincludeadvancedwebsearchengines(e.g.,googlesearch);recommendationsystems(usedbyyoutube,amazon,andnetflix);interactingviahumanspeech(e.g.,googleassistant,siri,andalexa);autonomousvehicles(e.g.,waymo);generativeandcreativetools(x1),cdn.leadinfo.net(x1),px.ads.linkedin.com(x2),collector.leadinfo.net(x3),api.leadinfo.com(x1),collector4.leadinfo.net(x1)		0		
//jump-start-your-data-lake-with-our-meta-data-driven-blueprint/	FAIL	1	1	www.googletagmanager.com(x2),cdn.jsdelivr.net(x2),unpkg.com(x1),snap.licdn.com(x2),aitechnologyiswidelyusedthroughoutindustry,government,andscience.somehigh-profileapplicationsincludeadvancedwebsearchenginesgooglesearchrecommendationsystems(usedbyyoutube,amazon,andnetflix);interactingviahumanspeech(e.g.,googleassistant,siri,andalexa);autonomousvehicles(e.g.,waymo);generativeandcreativetoolsaitechnologyiswidelyusedthroughoutindustry,government,andscience.somehigh-profileapplicationsincludeadvancedwebsearchengines(e.g.,googlesearch);recommendationsystems(usedbyyoutube,amazon,andnetflix);interactingviahumanspeech(e.g.,googleassistant,siri,andalexa);autonomousvehicles(e.g.,waymo);generativeandcreativetoolsaitechnologyiswidelyusedthroughoutindustry,government,andscience.somehigh-profileapplicationsincludeadvancedwebsearchenginesgooglesearchrecommendationsystems(usedbyyoutube,amazon,andnetflix);interactingviahumanspeech(e.g.,googleassistant,siri,andalexa);autonomousvehicles(e.g.,waymo);generativeandcreativetools.aitechnologyiswidelyusedthroughoutindustry,government,andscience.somehigh-profileapplicationsincludeadvancedwebsearchengines(e.g.,googlesearch);recommendationsystems(usedbyyoutube,amazon,andnetflix);interactingviahumanspeech(e.g.,googleassistant,siri,andalexa);autonomousvehicles(e.g.,waymo);generativeandcreativetools(x1),cdn.leadinfo.net(x1),px.ads.linkedin.com(x2),collector.leadinfo.net(x4),api.leadinfo.com(x1),collector4.leadinfo.net(x2)		0		
//a-comparison-of-apache-iceberg-and-delta-lake/	FAIL	0	0	www.googletagmanager.com(x2),cdn.jsdelivr.net(x2),unpkg.com(x1),snap.licdn.com(x2),cdn.leadinfo.net(x1),px.ads.linkedin.com(x2),collector.leadinfo.net(x3),api.leadinfo.com(x1),collector4.leadinfo.net(x1)		0		
//esg-reporting-data-deadlines/	FAIL	0	0	www.googletagmanager.com(x2),cdn.jsdelivr.net(x2),unpkg.com(x1),snap.licdn.com(x2),cdn.leadinfo.net(x1),px.ads.linkedin.com(x2),collector.leadinfo.net(x4),api.leadinfo.com(x1),collector4.leadinfo.net(x2)		0		
//continuous-data-support/	FAIL	1	1	www.googletagmanager.com(x2),cdn.jsdelivr.net(x2),unpkg.com(x1),snap.licdn.com(x2),aitechnologyiswidelyusedthroughoutindustry,government,andscience.somehigh-profileapplicationsincludeadvancedwebsearchenginesgooglesearchrecommendationsystems(usedbyyoutube,amazon,andnetflix);interactingviahumanspeech(e.g.,googleassistant,siri,andalexa);autonomousvehicles(e.g.,waymo);generativeandcreativetoolsaitechnologyiswidelyusedthroughoutindustry,government,andscience.somehigh-profileapplicationsincludeadvancedwebsearchengines(e.g.,googlesearch);recommendationsystems(usedbyyoutube,amazon,andnetflix);interactingviahumanspeech(e.g.,googleassistant,siri,andalexa);autonomousvehicles(e.g.,waymo);generativeandcreativetoolsaitechnologyiswidelyusedthroughoutindustry,government,andscience.somehigh-profileapplicationsincludeadvancedwebsearchenginesgooglesearchrecommendationsystems(usedbyyoutube,amazon,andnetflix);interactingviahumanspeech(e.g.,googleassistant,siri,andalexa);autonomousvehicles(e.g.,waymo);generativeandcreativetools.aitechnologyiswidelyusedthroughoutindustry,government,andscience.somehigh-profileapplicationsincludeadvancedwebsearchengines(e.g.,googlesearch);recommendationsystems(usedbyyoutube,amazon,andnetflix);interactingviahumanspeech(e.g.,googleassistant,siri,andalexa);autonomousvehicles(e.g.,waymo);generativeandcreativetools(x1),cdn.leadinfo.net(x1),px.ads.linkedin.com(x2),collector.leadinfo.net(x3),api.leadinfo.com(x1),collector4.leadinfo.net(x1)		0		
//the-five-key-takeaways-you-should-know-about-the-eu-ai-act/	FAIL	1	1	www.googletagmanager.com(x2),cdn.jsdelivr.net(x2),unpkg.com(x1),snap.licdn.com(x2),aitechnologyiswidelyusedthroughoutindustry,government,andscience.somehigh-profileapplicationsincludeadvancedwebsearchenginesgooglesearchrecommendationsystems(usedbyyoutube,amazon,andnetflix);interactingviahumanspeech(e.g.,googleassistant,siri,andalexa);autonomousvehicles(e.g.,waymo);generativeandcreativetoolsaitechnologyiswidelyusedthroughoutindustry,government,andscience.somehigh-profileapplicationsincludeadvancedwebsearchengines(e.g.,googlesearch);recommendationsystems(usedbyyoutube,amazon,andnetflix);interactingviahumanspeech(e.g.,googleassistant,siri,andalexa);autonomousvehicles(e.g.,waymo);generativeandcreativetoolsaitechnologyiswidelyusedthroughoutindustry,government,andscience.somehigh-profileapplicationsincludeadvancedwebsearchenginesgooglesearchrecommendationsystems(usedbyyoutube,amazon,andnetflix);interactingviahumanspeech(e.g.,googleassistant,siri,andalexa);autonomousvehicles(e.g.,waymo);generativeandcreativetools.aitechnologyiswidelyusedthroughoutindustry,government,andscience.somehigh-profileapplicationsincludeadvancedwebsearchengines(e.g.,googlesearch);recommendationsystems(usedbyyoutube,amazon,andnetflix);interactingviahumanspeech(e.g.,googleassistant,siri,andalexa);autonomousvehicles(e.g.,waymo);generativeandcreativetools(x1),cdn.leadinfo.net(x1),px.ads.linkedin.com(x2),collector.leadinfo.net(x4),api.leadinfo.com(x1),collector4.leadinfo.net(x2)		0		
//the-necessity-and-benefits-of-extensive-logging-and-auditing-in-data-integration/	FAIL	1	1	www.googletagmanager.com(x2),cdn.jsdelivr.net(x2),unpkg.com(x1),snap.licdn.com(x2),aitechnologyiswidelyusedthroughoutindustry,government,andscience.somehigh-profileapplicationsincludeadvancedwebsearchenginesgooglesearchrecommendationsystems(usedbyyoutube,amazon,andnetflix);interactingviahumanspeech(e.g.,googleassistant,siri,andalexa);autonomousvehicles(e.g.,waymo);generativeandcreativetoolsaitechnologyiswidelyusedthroughoutindustry,government,andscience.somehigh-profileapplicationsincludeadvancedwebsearchengines(e.g.,googlesearch);recommendationsystems(usedbyyoutube,amazon,andnetflix);interactingviahumanspeech(e.g.,googleassistant,siri,andalexa);autonomousvehicles(e.g.,waymo);generativeandcreativetoolsaitechnologyiswidelyusedthroughoutindustry,government,andscience.somehigh-profileapplicationsincludeadvancedwebsearchenginesgooglesearchrecommendationsystems(usedbyyoutube,amazon,andnetflix);interactingviahumanspeech(e.g.,googleassistant,siri,andalexa);autonomousvehicles(e.g.,waymo);generativeandcreativetools.aitechnologyiswidelyusedthroughoutindustry,government,andscience.somehigh-profileapplicationsincludeadvancedwebsearchengines(e.g.,googlesearch);recommendationsystems(usedbyyoutube,amazon,andnetflix);interactingviahumanspeech(e.g.,googleassistant,siri,andalexa);autonomousvehicles(e.g.,waymo);generativeandcreativetools(x1),cdn.leadinfo.net(x1),px.ads.linkedin.com(x2),collector.leadinfo.net(x3),api.leadinfo.com(x1),collector4.leadinfo.net(x1)		0		
//building-a-robust-csrd-reporting-strategy-a-path-to-successful-compliance/	FAIL	0	0	www.googletagmanager.com(x2),cdn.jsdelivr.net(x2),unpkg.com(x1),snap.licdn.com(x2),cdn.leadinfo.net(x1),px.ads.linkedin.com(x2),collector.leadinfo.net(x4),api.leadinfo.com(x1),collector4.leadinfo.net(x2)		0		
//ai-project-roadmap/	FAIL	0	0	www.googletagmanager.com(x2),cdn.jsdelivr.net(x2),unpkg.com(x1),snap.licdn.com(x2),cdn.leadinfo.net(x1),px.ads.linkedin.com(x2),collector.leadinfo.net(x3),api.leadinfo.com(x1),collector4.leadinfo.net(x1)		0		
//double-materiality-assessment/	FAIL	1	1	www.googletagmanager.com(x2),cdn.jsdelivr.net(x2),unpkg.com(x1),snap.licdn.com(x2),aitechnologyiswidelyusedthroughoutindustry,government,andscience.somehigh-profileapplicationsincludeadvancedwebsearchenginesgooglesearchrecommendationsystems(usedbyyoutube,amazon,andnetflix);interactingviahumanspeech(e.g.,googleassistant,siri,andalexa);autonomousvehicles(e.g.,waymo);generativeandcreativetoolsaitechnologyiswidelyusedthroughoutindustry,government,andscience.somehigh-profileapplicationsincludeadvancedwebsearchengines(e.g.,googlesearch);recommendationsystems(usedbyyoutube,amazon,andnetflix);interactingviahumanspeech(e.g.,googleassistant,siri,andalexa);autonomousvehicles(e.g.,waymo);generativeandcreativetoolsaitechnologyiswidelyusedthroughoutindustry,government,andscience.somehigh-profileapplicationsincludeadvancedwebsearchenginesgooglesearchrecommendationsystems(usedbyyoutube,amazon,andnetflix);interactingviahumanspeech(e.g.,googleassistant,siri,andalexa);autonomousvehicles(e.g.,waymo);generativeandcreativetools.aitechnologyiswidelyusedthroughoutindustry,government,andscience.somehigh-profileapplicationsincludeadvancedwebsearchengines(e.g.,googlesearch);recommendationsystems(usedbyyoutube,amazon,andnetflix);interactingviahumanspeech(e.g.,googleassistant,siri,andalexa);autonomousvehicles(e.g.,waymo);generativeandcreativetools(x1),cdn.leadinfo.net(x1),px.ads.linkedin.com(x2),collector.leadinfo.net(x4),api.leadinfo.com(x1),collector4.leadinfo.net(x2)		0		
//unlocking-data-orchestration-with-dagster/	FAIL	0	0	www.googletagmanager.com(x2),cdn.jsdelivr.net(x2),unpkg.com(x1),snap.licdn.com(x2),cdn.leadinfo.net(x1),px.ads.linkedin.com(x2),collector.leadinfo.net(x3),api.leadinfo.com(x1),collector4.leadinfo.net(x1)		0		
//dagster-vs-airflow-data-orchestration/	FAIL	0	0	www.googletagmanager.com(x2),cdn.jsdelivr.net(x2),unpkg.com(x1),snap.licdn.com(x2),cdn.leadinfo.net(x1),px.ads.linkedin.com(x2),collector.leadinfo.net(x4),api.leadinfo.com(x1),collector4.leadinfo.net(x2)		0		
//airflow-to-dagster-migration/	FAIL	0	0	www.googletagmanager.com(x2),cdn.jsdelivr.net(x2),unpkg.com(x1),snap.licdn.com(x2),cdn.leadinfo.net(x1),px.ads.linkedin.com(x2),collector.leadinfo.net(x3),api.leadinfo.com(x1),collector4.leadinfo.net(x1)		0		
//transforming-business-machine-learning-applications/	FAIL	0	0	www.googletagmanager.com(x2),snap.licdn.com(x2),cdn.jsdelivr.net(x2),unpkg.com(x1),cdn.leadinfo.net(x1),px.ads.linkedin.com(x2),collector.leadinfo.net(x4),api.leadinfo.com(x1),collector4.leadinfo.net(x2)		0		
//data-intelligence-platform-databricks/	FAIL	0	0	www.googletagmanager.com(x2),cdn.jsdelivr.net(x2),unpkg.com(x1),snap.licdn.com(x2),cdn.leadinfo.net(x1),px.ads.linkedin.com(x2),collector.leadinfo.net(x3),api.leadinfo.com(x1),collector4.leadinfo.net(x1)		0		
//embracing-esg-csrd/	FAIL	0	0	www.googletagmanager.com(x2),cdn.jsdelivr.net(x2),unpkg.com(x1),snap.licdn.com(x2),cdn.leadinfo.net(x1),px.ads.linkedin.com(x2),collector.leadinfo.net(x4),api.leadinfo.com(x1),collector4.leadinfo.net(x2)		0		
//ai-legal-assistant-animo-law/	FAIL	0	0	www.googletagmanager.com(x2),cdn.jsdelivr.net(x2),unpkg.com(x1),snap.licdn.com(x2),cdn.leadinfo.net(x1),px.ads.linkedin.com(x2),collector.leadinfo.net(x3),api.leadinfo.com(x1),collector4.leadinfo.net(x1)		0		
//animo-ai-powered-legal-assistant/	FAIL	0	0	www.googletagmanager.com(x2),cdn.jsdelivr.net(x2),unpkg.com(x1),snap.licdn.com(x2),cdn.leadinfo.net(x1),px.ads.linkedin.com(x2),collector.leadinfo.net(x4),api.leadinfo.com(x1),collector4.leadinfo.net(x2)		0		
//kaneka-powerbi-sap-datasphere/	FAIL	0	0	www.googletagmanager.com(x2),cdn.jsdelivr.net(x2),unpkg.com(x1),snap.licdn.com(x2),cdn.leadinfo.net(x1),px.ads.linkedin.com(x2),collector.leadinfo.net(x3),api.leadinfo.com(x1),collector4.leadinfo.net(x1)		0		
//future-ready-data-strategy-microsoft-fabric/	FAIL	0	0	www.googletagmanager.com(x2),cdn.jsdelivr.net(x2),unpkg.com(x1),snap.licdn.com(x2),cdn.leadinfo.net(x1),px.ads.linkedin.com(x2),collector.leadinfo.net(x4),api.leadinfo.com(x1),collector4.leadinfo.net(x2)		0		
//power-bi-whitepaper/	FAIL	0	0	www.googletagmanager.com(x2),cdn.jsdelivr.net(x2),unpkg.com(x1),snap.licdn.com(x2),cdn.leadinfo.net(x1),px.ads.linkedin.com(x2),collector.leadinfo.net(x3),api.leadinfo.com(x1),collector4.leadinfo.net(x1)		0		
//data-warehouse-to-lakehouse-whitepaper/	FAIL	0	0	www.googletagmanager.com(x2),cdn.jsdelivr.net(x2),unpkg.com(x1),snap.licdn.com(x2),cdn.leadinfo.net(x1),px.ads.linkedin.com(x2),collector.leadinfo.net(x4),api.leadinfo.com(x1),collector4.leadinfo.net(x2)		0		
//our-ai-and-ml-services-more-info/	FAIL	0	0	www.googletagmanager.com(x2),cdn.jsdelivr.net(x2),unpkg.com(x1),snap.licdn.com(x2),cdn.leadinfo.net(x1),px.ads.linkedin.com(x2),collector.leadinfo.net(x3),api.leadinfo.com(x1),collector4.leadinfo.net(x1)		0		
//modern-data-platform-whitepaper/	FAIL	0	0	www.googletagmanager.com(x2),cdn.jsdelivr.net(x2),unpkg.com(x1),snap.licdn.com(x2),cdn.leadinfo.net(x1),px.ads.linkedin.com(x2),collector.leadinfo.net(x4),api.leadinfo.com(x1),collector4.leadinfo.net(x2)		0		
//routing-optimization-essers-acumen/	FAIL	0	0	www.googletagmanager.com(x2),cdn.jsdelivr.net(x2),unpkg.com(x1),snap.licdn.com(x2),cdn.leadinfo.net(x1),px.ads.linkedin.com(x2),collector.leadinfo.net(x3),api.leadinfo.com(x1),collector4.leadinfo.net(x1)		0		
//bionerga-future-ready-data-platform/	FAIL	1	1	www.googletagmanager.com(x2),cdn.jsdelivr.net(x2),unpkg.com(x1),snap.licdn.com(x2),aitechnologyiswidelyusedthroughoutindustry,government,andscience.somehigh-profileapplicationsincludeadvancedwebsearchenginesgooglesearchrecommendationsystems(usedbyyoutube,amazon,andnetflix);interactingviahumanspeech(e.g.,googleassistant,siri,andalexa);autonomousvehicles(e.g.,waymo);generativeandcreativetoolsaitechnologyiswidelyusedthroughoutindustry,government,andscience.somehigh-profileapplicationsincludeadvancedwebsearchengines(e.g.,googlesearch);recommendationsystems(usedbyyoutube,amazon,andnetflix);interactingviahumanspeech(e.g.,googleassistant,siri,andalexa);autonomousvehicles(e.g.,waymo);generativeandcreativetoolsaitechnologyiswidelyusedthroughoutindustry,government,andscience.somehigh-profileapplicationsincludeadvancedwebsearchenginesgooglesearchrecommendationsystems(usedbyyoutube,amazon,andnetflix);interactingviahumanspeech(e.g.,googleassistant,siri,andalexa);autonomousvehicles(e.g.,waymo);generativeandcreativetools.aitechnologyiswidelyusedthroughoutindustry,government,andscience.somehigh-profileapplicationsincludeadvancedwebsearchengines(e.g.,googlesearch);recommendationsystems(usedbyyoutube,amazon,andnetflix);interactingviahumanspeech(e.g.,googleassistant,siri,andalexa);autonomousvehicles(e.g.,waymo);generativeandcreativetools(x1),cdn.leadinfo.net(x1),px.ads.linkedin.com(x2),collector.leadinfo.net(x4),api.leadinfo.com(x1),collector4.leadinfo.net(x2)		0		
//agentic-ai-from-experiments-to-work-that-runs-itself/	FAIL	0	0	www.googletagmanager.com(x2),cdn.jsdelivr.net(x2),unpkg.com(x1),snap.licdn.com(x2),cdn.leadinfo.net(x1),px.ads.linkedin.com(x2),collector.leadinfo.net(x3),api.leadinfo.com(x1),collector4.leadinfo.net(x1)		0		
//data-agents-insights-action/	FAIL	0	0	www.googletagmanager.com(x2),cdn.jsdelivr.net(x2),unpkg.com(x1),snap.licdn.com(x2),cdn.leadinfo.net(x1),px.ads.linkedin.com(x2),collector.leadinfo.net(x4),api.leadinfo.com(x1),collector4.leadinfo.net(x2)		0		
//agentic-ai/	FAIL	0	0	www.googletagmanager.com(x2),cdn.jsdelivr.net(x2),unpkg.com(x1),snap.licdn.com(x2),cdn.leadinfo.net(x1),px.ads.linkedin.com(x2),collector.leadinfo.net(x3),api.leadinfo.com(x1),collector4.leadinfo.net(x1)		0		
//de-riziv-controleshoft-is-ingezet/	FAIL	0	0	www.googletagmanager.com(x2),cdn.jsdelivr.net(x2),unpkg.com(x1),snap.licdn.com(x2),cdn.leadinfo.net(x1),px.ads.linkedin.com(x2),collector.leadinfo.net(x4),api.leadinfo.com(x1),collector4.leadinfo.net(x2)		0		
